date,group,name,price,
,Price,500,,
2026-09-28,salat,Микс с вялеными томатами,,0
2026-09-28,salat,Морковь по-корейски,0,
2026-09-28,soup,Лапша куриная,0,
2026-09-28,soup,Щи из свежей капусты,0,
2026-09-28,main,Куриный шницель,0,
2026-09-28,main,Домашняя котлета,0,
2026-09-28,side,Картофельное пюре,0,
2026-09-28,side,Паста отварная,0,
2026-09-29,salat,Салат цезарь с курицей,0,
2026-09-29,salat,Запеченая свекла с сыром фета,0,
2026-09-29,soup,Лапша куриная,0,
2026-09-29,soup,Фасолевый с курицей,0,
2026-09-29,main,Рыба в кляре,0,
2026-09-29,main,Курица по-мексикански,0,
2026-09-29,side,Рис басмати,0,
2026-09-29,side,Запеченный мини картофель,0,
2026-09-30,salat,Салат Весенний,0,
2026-09-30,salat,Оливье с курицей,0,
2026-09-30,soup,Лапша куриная,0,
2026-09-30,soup,Борщ с курицей,0,
2026-09-30,main,Котлета куриная,0,
2026-09-30,main,Куриная печень в сметанном соусе,0,
2026-09-30,side,Гречка на пару,0,
2026-09-30,side,Овощи гриль,0,
2026-10-01,salat,Сельдь под шубой,0,
2026-10-01,salat,С курицей и цуккини,0,
2026-10-01,soup,Лапша куриная,0,
2026-10-01,soup,Суп рыбный с пшеном,0,
2026-10-01,main,Минтай под маринадом,0,
2026-10-01,main,Шашлык из курицы,0,
2026-10-01,side,Булгур с овощами и грибами,0,
2026-10-01,side,Кабачки запеченные в прованских травах,0,
2026-10-02,salat,Салат овощной,0,
2026-10-02,salat,Квашенная капуста,0,
2026-10-02,soup,Лапша куриная,0,
2026-10-02,soup,Суп картофельный с фрикадельками,0,
2026-10-02,main,Чикен-строганов,0,
2026-10-02,main,Бифштекс с яйцом,0,
2026-10-02,side,Рис на пару,0,
2026-10-02,side,Картофельное пюре,0,